version,nx,ny,iters,threads_or_procs,time_s,checksum
mpi,100,100,1000,0.054085448,79054.039062
mpi,100,100,1000,0.029782496,79054.039062
mpi,100,100,1000,0.019326394,79054.039062
